[
  {
    "latitude": 16.504377,
    "longitude": 80.665504,
    "timestamp": "2024-08-25T01:43:29.296Z"
  },
  {
    "latitude": 16.9279,
    "longitude": 81.7934,
    "timestamp": "2024-08-25T01:46:18.353Z"
  },
  {
    "latitude": 16.9279,
    "longitude": 81.7934,
    "timestamp": "2024-08-25T01:52:15.758Z",
    "googleMapsUrl": "https://www.google.com/maps?q=16.9279,81.7934"
  },
  {
    "latitude": 16.503639,
    "longitude": 80.665329,
    "timestamp": "2024-08-25T01:53:30.908Z",
    "googleMapsUrl": "https://www.google.com/maps?q=16.503639,80.665329"
  }
]